,word,count
0,t,88
1,https,87
2,co,87
3,😆,46
4,の,30
5,ん,29
6,1,26
7,😭,26
8,2,24
9,時間,24
10,こと,21
11,自分,17
12,😊,16
13,これ,16
14,9,16
15,😳,15
16,プログラミング,15
17,人,14
18,笑,13
19,よう,13
20,8,13
21,4,13
22,😓,13
23,勉強,12
24,3,12
25,5,12
26,0,12
27,アプリ,11
28,事,11
29,ー,10
30,独学,9
31,クラウドワークス,9
32,データ,9
33,開発,9
34,方,9
35,7,9
36,そう,9
37,さん,8
38,年,8
39,記事,8
40,6,8
41,案件,8
42,みたい,8
43,スキル,8
44,Qiita,8
45,僕,7
46,Django,7
47,仕事,7
48,エラー,7
49,何,7
50,😤,7
51,中,7
52,インストール,7
53,機能,6
54,歳,6
55,csv,6
56,10,6
57,初心者,6
58,解決,6
59,環境,6
60,今日,6
61,感じ,6
62,旦那,6
63,ツイート,6
64,フォロワー,5
65,必要,5
66,買い物,5
67,1日,5
68,流,5
69,術,5
70,検索,5
71,気,5
72,最近,5
73,ダメ,5
74,cloud,5
75,方法,5
76,☀,5
77,デザイン,5
78,☺,5
79,今,4
80,以上,4
81,化,4
82,業務,4
83,名,4
84,公式,4
85,チュートリアル,4
86,知識,4
87,万,4
88,円,4
89,モチベーション,4
90,綺麗,4
91,一,4
92,ため,4
93,☑,4
94,タスク,4
95,実装,4
96,テスト,4
97,MeCab,4
98,分析,4
99,Canva,4
100,確保,3
101,リスト,3
102,管理,3
103,調子,3
104,コーディング,3
105,作成,3
106,スプレッドシート,3
107,回,3
108,収集,3
109,分,3
110,成長,3
111,発信,3
112,大変,3
113,個人的,3
114,月,3
115,程度,3
116,世界,3
117,奥さん,3
118,トマム,3
119,理由,3
120,AWS,3
121,内容,3
122,抽出,3
123,経験,3
124,はず,3
125,フリーランス,3
126,python,3
127,便利,3
128,自動,3
129,解析,3
130,図解,3
131,周り,3
132,地方,3
133,22,3
134,弁当,3
135,予想,3
136,コード,3
137,R,3
138,日,3
139,レベル,3
140,結果,3
141,形態素解析,3
142,モジュール,3
143,開催,3
144,トップ,3
145,画,3
146,それ,3
147,度,3
148,ブログ,3
149,もの,3
150,tweepy,3
151,継続,2
152,毎日,2
153,朝活,2
154,予定,2
155,年間,2
156,番,2
157,大事,2
158,家族,2
159,用,2
160,修正,2
161,わけ,2
162,d,2
163,本日,2
164,充実,2
165,概要,2
166,職種,2
167,法,2
168,確認,2
169,ドキュメント,2
170,今年,2
171,今回,2
172,話,2
173,😁,2
174,サラリーマン,2
175,無し,2
176,サービス,2
177,つま,2
178,progate,2
179,Alexa,2
180,Python,2
181,チャンス,2
182,去年,2
183,最高,2
184,フリー,2
185,どっち,2
186,差,2
187,生活,2
188,焦り,2
189,登録,2
190,設定,2
191,単価,2
192,目標,2
193,体力,2
194,他人,2
195,作品,2
196,企業,2
197,Asana,2
198,期限,2
199,ところ,2
200,次回,2
201,割,2
202,利用,2
203,地味,2
204,昨日,2
205,画像,2
206,Twitter,2
207,キロ,2
208,25,2
209,必須,2
210,費,2
211,増,2
212,都市部,2
213,生計,2
214,使い方,2
215,メモ,2
216,投稿,2
217,サイト,2
218,皆さん,2
219,ふつう,2
220,デバッグ,2
221,q,2
222,がち,2
223,モー,2
224,google,2
225,Yahoo!,2
226,違い,2
227,名詞,2
228,宣言,2
229,😄,2
230,操作,2
231,Pandas,2
232,整形,2
233,🎉,2
234,参加,2
235,スクレイピング,2
236,大量,2
237,正規表現,2
238,久しぶり,2
239,快晴,2
240,g,2
241,側,2
242,活用,2
243,目,2
244,A,2
245,気持ち,2
246,結局,2
247,絶対,2
248,期待,2
249,辞書,2
250,mecab-ipadic-NEologd,2
251,😱,2
252,明日,2
253,100,2
254,健康,2
255,無事,2
256,海,2
257,note,2
258,好き,2
259,本,2
260,窓,2
261,PHP,2
262,幸せ,2
263,北海道,2
264,API,2
265,pandas,2
266,以外,2
267,休憩,2
268,あれ,2
269,問,2
270,なのだ,2
271,全部,2
272,情報,2
273,システム,1
274,共同開発,1
275,苦節,1
276,ツイッター,1
277,運営,1
278,迷惑,1
279,おかけ,1
280,💻,1
281,ハードル,1
282,極限,1
283,習慣,1
284,ダラ,1
285,夜,1
286,朝,1
287,完成,1
288,追加,1
289,いつまでも,1
290,主,1
291,在庫管理,1
292,pGWhfN,1
293,S,1
294,むむむ,1
295,作る,1
296,甘え,1
297,たま,1
298,家事,1
299,睡眠,1
300,・,1
301,次,1
302,仕様,1
303,検討,1
304,アイキャッ,1
305,Bm,1
306,nOn,1
307,XMo,1
308,結婚,1
309,1周年,1
310,記念日,1
311,月日,1
312,流れ,1
313,来年,1
314,日々,1
315,ZY,1
316,KkPVKut,1
317,取得,1
318,クスリプト,1
319,特定,1
320,条件,1
321,チェック,1
322,契約金,1
323,額,1
324,書き込み,1
325,アップ,1
326,iJObUpDrTb,1
327,60,1
328,p,1
329,ig,1
330,4K,1
331,Ll,1
332,42,1
333,対処,1
334,ピンポイント,1
335,参考,1
336,英語,1
337,翻訳,1
338,lHWdHZMrMo,1
339,アカウント,1
340,評価,1
341,道筋,1
342,多方面,1
343,EEpzg,1
344,SSdw,1
345,前提,1
346,文字,1
347,IeMx,1
348,Rc,1
349,cz,1
350,70,1
351,生涯賃金,1
352,平均的,1
353,税金,1
354,安定,1
355,厚生年金,1
356,退職金,1
357,jxKcrJVUb,1
358,後,1
359,とこ,1
360,oVEIELKJVZ,1
361,PC,1
362,版,1
363,2019年,1
364,AI,1
365,スピーカー,1
366,のようなもの,1
367,開発者,1
368,報酬,1
369,言語,1
370,早め,1
371,参入,1
372,wVeY,1
373,4s,1
374,tiv,1
375,ぉぉ,1
376,何事,1
377,float,1
378,left,1
379,要素,1
380,右,1
381,並び,1
382,テンション,1
383,リゾナーレ,1
384,リピーター,1
385,部屋,1
386,風呂,1
387,サウナ,1
388,リッチ,1
389,感,1
390,ミナミナビーチ,1
391,波,1
392,ホタル,1
393,ストリート,1
394,87,1
395,OYIiYGxP,1
396,リーマン,1
397,👨,1
398,💼,1
399,最低限,1
400,プロジェクト,1
401,フリ,1
402,tM,1
403,V,1
404,VCabs,1
405,つの,1
406,FFOyVE,1
407,wmR,1
408,XjskJpQxgk,1
409,者,1
410,活躍,1
411,FqZI,1
412,WbShk,1
413,一番,1
414,重要,1
415,とんでも,1
416,みなさん,1
417,すぎ,1
418,疲労,1
419,pTDhQE,1
420,968,1
421,アイディア,1
422,色々,1
423,フォロー,1
424,エンジニア,1
425,jSSyHbY,1
426,57,1
427,趣味,1
428,時,1
429,Instagantt,1
430,指定,1
431,可能,1
432,サブタスク,1
433,様々,1
434,連携,1
435,ins,1
436,U,1
437,17,1
438,RxQP,1
439,弾,1
440,django,1
441,UNm,1
442,IYpx,1
443,Q,1
444,一般人,1
445,がた,1
446,先人,1
447,ハイレベル,1
448,xjILG,1
449,o,1
450,WB,1
451,tweetbot,1
452,スパム,1
453,ブロックアプリ,1
454,手,1
455,感想,1
456,チャレンジ,1
457,アイキャッチ,1
458,ながら,1
459,図,1
460,Lc,1
461,EHUoNgH,1
462,リアル,1
463,イケメンマッチョ,1
464,家,1
465,トレ,1
466,限界,1
467,ジム,1
468,ほう,1
469,12,1
470,セット,1
471,wJOYe,1
472,CWZL,1
473,職場,1
474,普通,1
475,暮らし,1
476,単身,1
477,23,1
478,時給,1
479,換算,1
480,1350,1
481,自動車,1
482,寒冷地,1
483,暖房,1
484,給料,1
485,高,1
486,物価高,1
487,VmLctEFWf,1
488,具体的,1
489,構築,1
490,postgreSQL,1
491,仕方,1
492,解説,1
493,Git,1
494,qxvrECZIyM,1
495,発生,1
496,経緯,1
497,Web,1
498,ブックマーク,1
499,bkq,1
500,rxuvcJ,1
501,width,1
502,わい,1
503,まま,1
504,放置,1
505,正式,1
506,ウィドス,1
507,ワイズ,1
508,VsG,1
509,scxEH,1
510,休み,1
511,往復,1
512,チャリンコ,1
513,公園,1
514,片道,1
515,ぐちゃぐちゃ,1
516,天気,1
517,かったー,1
518,PMvqxcjhHp,1
519,身,1
520,ログ,1
521,原因,1
522,事実,1
523,混合,1
524,大抵,1
525,間違い,1
526,実,1
527,WrW,1
528,TB,1
529,本業,1
530,疎か,1
531,勤務,1
532,お陰,1
533,残業,1
534,負荷,1
535,今週,1
536,コピー,1
537,練習,1
538,募集,1
539,受注,1
540,試し,1
541,場合,1
542,本気,1
543,出して,1
544,帰宅,1
545,後輩,1
546,実務,1
547,底辺,1
548,外,1
549,現実,1
550,優秀,1
551,努力,1
552,成果,1
553,カート,1
554,ピクニック,1
555,テント,1
556,9000,1
557,rYJqvu,1
558,FkZ,1
559,予測,1
560,だんな,1
561,浮気,1
562,プレゼント,1
563,デスノート,1
564,ストレス,1
565,エンジ,1
566,4d,1
567,pVV,1
568,82,1
569,aCg,1
570,☁,1
571,ページ,1
572,同一,1
573,カウント,1
574,反映,1
575,スクリプト,1
576,Sl,1
577,N4,1
578,J,1
579,eY,1
580,それぞれ,1
581,金持ち,1
582,世の中,1
583,hmI,1
584,puqBwr,1
585,エンジン,1
586,今度,1
587,頻出,1
588,vPEaLsAVl,1
589,年内,1
590,実現,1
591,可能性,1
592,FC,1
593,qekVuWO,1
594,raspberry pi,1
595,標準,1
596,敷居,1
597,気分,1
598,お昼,1
599,ご飯,1
600,ブランパンオンリー,1
601,昼休み,1
602,スタート,1
603,背水の陣,1
604,I,1
605,67,1
606,pCzGTYX,1
607,クオリティ,1
608,HLCeucUnd,1
609,基本,1
610,機械学習,1
611,Beautiful,1
612,soup,1
613,kEuIhyWwoq,1
614,だま,1
615,主催,1
616,札幌,1
617,もくもく会,1
618,めちゃくちゃ,1
619,是非,1
620,ycAQnwPMfw,1
621,エスケープシーケンス,1
622,re,1
623,苦手,1
624,意識,1
625,辛いです,1
626,sF,1
627,j,1
628,lyjdK,1
629,さっぽろ夏まつり,1
630,いの,1
631,二日酔い,1
632,配慮,1
633,ウコン,1
634,自販機,1
635,rEr,1
636,06,1
637,Fz,1
638,8k,1
639,表,1
640,ブラウザ,1
641,依存,1
642,問題,1
643,SCSS,1
644,サーバー,1
645,フレームワーク,1
646,仕様書,1
647,ePPc,1
648,3S,1
649,YTHS,1
650,皆さま,1
651,回答,1
652,前半,1
653,票,1
654,Webサービス,1
655,FUyxhb,1
656,LOv,1
657,無料,1
658,レイアウト,1
659,イラスト,1
660,選択,1
661,枚,1
662,09,1
663,F6,1
664,IRE,1
665,D,1
666,ゼロ,1
667,作業量,1
668,見積もり,1
669,計画,1
670,間,1
671,B,1
672,JYl,1
673,QV,1
674,Bautifulsoup,1
675,デベロッパー,1
676,モード,1
677,bs,1
678,提出,1
679,簡単,1
680,ウェブアプリ,1
681,gGm,1
682,ooIeZD,1
683,頭,1
684,時期,1
685,行動,1
686,先輩,1
687,イジメ,1
688,形,1
689,否定,1
690,反対,1
691,意見,1
692,しょうが,1
693,やり方,1
694,sh,1
695,Fv,1
696,NGk,1
697,現在,1
698,切り売り,1
699,以下,1
700,リスク,1
701,責任,1
702,発注,1
703,取引,1
704,中止,1
705,l,1
706,kCCP,1
707,hdy,1
708,mkzLctPgti,1
709,頻度分析,1
710,終了,1
711,😉,1
712,K6,1
713,m4,1
714,3405,1
715,ビート,1
716,ボックス,1
717,大会,1
718,楽,1
719,前,1
720,奴,1
721,ちゃ,1
722,くそ,1
723,ディ,1
724,叩き,1
725,ひたすらに,1
726,vMCl,1
727,679,1
728,lvO,1
729,意外,1
730,昔,1
731,関連,1
732,方面,1
733,興味,1
734,湧,1
735,CKkgEh,1
736,Th,1
737,あと,1
738,ひと,1
739,段,1
740,会社,1
741,キャンプ,1
742,日和,1
743,NlSmkaZ,1
744,4r,1
745,現場,1
746,人間,1
747,収入,1
748,qSbIjQq,1
749,2B,1
750,b,1
751,情熱,1
752,文字列,1
753,yci,1
754,PbhcSq,1
755,tBJ,1
756,9S,1
757,Qq,1
758,SNS,1
759,iPhoneアプリ,1
760,jj,1
761,CWGdQsB,1
762,クローリング,1
763,出力,1
764,得意,1
765,分野,1
766,飯,1
767,才能,1
768,励み,1
769,謙虚,1
770,vR,1
771,GJi,1
772,OrS,1
773,PyCharm,1
774,半額,1
775,2X,1
776,fHenW,1
777,k,1
778,ペース,1
779,驚き,1
780,XfIILC,1
781,CSk,1
782,1080,1
783,10800,1
784,本物,1
785,プロフェッショナル,1
786,体,1
787,バランス,1
788,適度,1
789,lEo,1
790,2g,1
791,xEzRd,1
792,大切,1
793,力,1
794,確信,1
795,大切なこと,1
796,達人,1
797,理解,1
798,zgjpYgG,1
799,TQ,1
800,思考停止,1
801,室温,1
802,30,1
803,寝汗,1
804,危険,1
805,確か,1
806,なんだかなぁ,1
807,複雑,1
808,😅,1
809,jKgIQLTYLt,1
810,土木,1
811,lntSOW,1
812,nwn,1
813,自分自身,1
814,素敵,1
815,記憶,1
816,説得力,1
817,経験値,1
818,心配,1
819,普段,1
820,F8,1
821,ct,1
822,v,1
823,Cxm,1
824,なに,1
825,さ,1
826,DKpzsHGjlN,1
827,ゴールドジム,1
828,CJV,1
829,jLKivD,1
830,🐤,1
831,RT,1
832,関係,1
833,いいね,1
834,hTUArvPhYj,1
835,大規模,1
836,Flask,1
837,Heroku,1
838,デプロイ,1
839,うち,1
840,先,1
841,fw,1
842,R5,1
843,Xxzybm,1
844,とき,1
845,bwThXapHbG,1
846,お願い,1
847,AS,1
848,b6,1
849,Fx,1
850,48,1
851,フレーム,1
852,カラム,1
853,名前,1
854,変更,1
855,ユーザー,1
856,screen,1
857,name,1
858,Github,1
859,oK,1
860,wbLGkwx,1
861,我が家,1
862,食洗機,1
863,ルンバ,1
864,ukwJavQMOH,1
865,特急,1
866,気温,1
867,上昇,1
868,徐行,1
869,運転,1
870,40,1
871,アナウンス,1
872,札幌競馬場,1
873,ビール,1
874,🍺,1
875,競馬場,1
876,タバコ,1
877,ポイ捨て,1
878,おじさん,1
879,イメージ,1
880,Iz,1
881,uj,1
882,39,1
883,HC,1
884,Siri,1
885,3分,1
886,有効,1
887,タグ,1
888,数字,1
889,ついで,1
890,たる,1
891,潮祭り,1
892,太鼓,1
893,花火,1
894,毎年,1
895,盛り上がり,1
896,大勢,1
897,最終,1
898,花火大会,1
899,位,1
900,人気,1
901,ですよ,1
902,皆様,1
903,YL,1
904,61,1
905,SfKYoU,1
906,おたる水族館,1
907,芸,1
908,vU,1
909,AzLdAkE,1
910,週間,1
911,達成,1
912,進捗,1
913,BS,1
914,若干,1
915,維持,1
916,苦,1
917,X1,1
918,EreLGEd,1
919,一瞬,1
920,鉄則,1
921,EKHLY,1
922,08,1
923,rz,1
924,無駄,1
925,反省,1
926,03,1
927,tDeA,1
928,VZs,1
929,アンケート,1
930,募集中,1
931,P,1
932,zGccWFx,1
933,作り,1
934,i,1
935,sEGL,1
936,PG,1
937,融通,1
938,作業,1
939,長時間,1
940,FSnaHAfF,1
941,東京,1
942,XGlqmoOb,1
943,X,1
944,正解,1
945,激ムズ,1
946,28,1
947,ハム太郎,1
948,クイズ,1
949,nwUBlvzdO,1
950,クリームソーダ,1
951,大好き,1
952,歴,1
953,20,1
954,ベテラン,1
955,DTHuTDa,1
956,EB,1
957,ファイル,1
958,コマンド,1
959,正常,1
960,整理,1
961,どれ,1
962,方向,1
963,反響,1
964,乾燥機,1
965,付き,1
966,洗濯機,1
967,沢山,1
968,オススメ,1
969,びっくり,1
970,NKmqTg,1
971,ucJ,1
972,THE,1
973,3B,1
974,vKx,1
975,AgSO,1
976,yum,1
